Dataset,Example
start_conditions
dihydroxyacetone/ M,2.0,
formaldehyde/ M,2.0,
NaOH/ M,0.12,
CaCl2/ M,0.06,
water/ M,0.0,
end_conditions
start_analysis_details
Instrument,not specified,
Chromatography_method,GCMS,method_filename,
Derivatisation_method,75 uL EtONH2.HCl; 30 mins @ 70 oC; 25 uL N;O-Bis(trimethylsilyl)trifluoroacetamide; 30 mins @ 70 oC; dilution to 200 uL with internal standard solution,
Calibrations_file,example_calibrations.csv,
Calibration_model,quadratic,
end_analysis_details
start_data
time/ s,7.0 (7.0),7.939 (7.939),8.096 (8.096),8.28 (8.28),8.377 (8.377),10.676 (10.676),10.965 (10.965),11.132 (11.132),13.537 (13.537),13.855 (13.855),
30.0,0.0,0.0,2.5072794908328926,0.5544535237776278,0.6524418142927901,0.8381982452886174,3.0404244170809247,0.48812920287287415,3.3683169602669722,2.6003006873353836,
20.0,0.0,0.3058687619579203,2.5549466074951184,0.6413238070293,0.7373554091441665,0.9004543463408147,3.210716081547627,0.4816626547841013,3.101727422585244,2.678757306788164,
10.0,0.0,0.0,2.5269703690654715,0.6098794479505069,0.7050163345319049,0.8373569900502736,3.072564404192323,0.4920910922473581,2.988334716625437,2.4619134560069535,
end_data
start_errors
end_errors
