time/ s,10.0
IS_retention_time/ min,IS_integral,IS_peak start/ min,IS_peak end/ min
6.720083333333333,2916.542150534775,6.695166666666666,6.7433749999999995
Retention_time/ min,integral,peak start/ min,peak end/ min
7.815166666666666,7370.015594531864,7.778625,7.838458333333333
10.395833333333332,2434.5637538531446,10.350958333333333,10.427416666666666
13.239041666666667,3134.795910281397,13.1875,13.242375
