time/ s,20.0
IS_retention_time/ min,IS_integral,IS_peak start/ min,IS_peak end/ min
6.719916666666666,2936.9745571364715,6.696666666666666,6.744833333333333
Retention_time/ min,integral,peak start/ min,peak end/ min
7.658791666666667,898.3287716932435,7.635541666666667,7.680416666666665
10.395666666666667,2594.7374026705056,10.364083333333333,10.430541666666667
13.253833333333334,5535.3654926133295,13.195666666666666,13.258791666666665
