Dataset,Example
start_conditions
dihydroxyacetone/ M,2.0,
formaldehyde/ M,2.0,
NaOH/ M,0.12,
CaCl2/ M,0.06,
water/ M,0.0,
end_conditions
start_analysis_details
Instrument, GCv Agilent/JEOL
Chromatography_method,GCMS,Method 5
Derivatisation_method,75 uL EtONH2.HCl; 30 mins @ 70 oC; 25 uL N;O-Bis(trimethylsilyl)trifluoroacetamide; 30 mins @ 70 oC; dilution to 200 uL with internal standard solution
Calibrations_file,2020_03_16_GCMS_Calibrations.csv
Calibration_model,quadratic
end_analysis_details
start_data
time/ s,compound_1 [8.096333333333334],8.28 [8.280333333333333],8.377 [8.376666666666667],10.675 [10.675333333333333],compound_2 [10.964666666666668],11.131 [11.131333333333332],13.536 [13.536333333333333],compound_3 [13.856200000000001],7.939 [7.939],
30.0,2.509334781240423,0.5538109938713625,0.6529766399503567,0.836330636665164,1.3659881515764458,0.4880857633002639,3.0509255616016766,2.6943540353869544,0.0,
20.0,2.5549466074951184,0.6413238070292999,0.7373554091441663,0.8834728909604023,1.2969778902729328,0.48166265478410125,1.8299786753132552,1.5954053843403273,0.30586876195792023,
10.0,2.5269703690654715,0.609879447950507,0.7042157001069203,0.8347432089766798,1.5697874159300385,0.27506597570989894,2.1260104328366003,0.45495426895816055,0.0,
end_data
