Dataset,Example
start_conditions
dihydroxyacetone/ M,2.0,
formaldehyde/ M,2.0,
NaOH/ M,0.12,
CaCl2/ M,0.06,
water/ M,0.0,
end_conditions
start_analysis_details
Instrument, GCv Agilent/JEOL
Chromatography_method,GCMS,Method 5
Derivatisation_method,75 uL EtONH2.HCl; 30 mins @ 70 oC; 25 uL N;O-Bis(trimethylsilyl)trifluoroacetamide; 30 mins @ 70 oC; dilution to 200 uL with internal standard solution
Calibrations_file,2020_03_16_GCMS_Calibrations.csv
Calibration_model,quadratic
end_analysis_details
start_data
time/ s,compound_1 [8.096333333333334],8.28 [8.280333333333333],8.377 [8.376666666666667],10.675 [10.675333333333333],compound_2 [10.964666666666668],11.131 [11.131333333333332],13.536 [13.536333333333333],compound_3 [13.856200000000001],7.939 [7.939],
10.0,2.5267629556496125,0.6098794479505069,0.7050163345319049,0.8361412448508954,3.0395939802653182,0.4920910922473581,3.190715265788274,2.4623519507571507,0.0,
20.0,2.5549466074951184,0.6413238070292999,0.7373554091441663,0.8988072718466275,3.2105616880226706,0.48166265478410125,4.308433772423394,2.8704508135297058,0.30586876195792023,
30.0,2.5080309772814062,0.5535232439179666,0.6526373653606617,0.8372632407795361,3.048841686583705,0.488128344015676,3.363203338389722,2.7815827441287224,0.0,
end_data
